{"cameraMode":{"drawMode":0,"name":"Shaded","section":"Shading Mode"},"sceneLighting":false,"audioPlay":false,"sceneViewState":{"showFog":false,"showMaterialUpdate":false,"showSkybox":false,"showFlares":false,"showImageEffects":false,"showParticleSystems":false},"in2DMode":false,"pivot":{"x":0.00022304058074951172,"y":0.860105037689209,"z":0.012092411518096924},"rotation":{"x":-0.2074463665485382,"y":0.6195908784866333,"z":-0.1744811087846756,"w":-0.7366420030593872},"size":1.6360340118408204,"orthographic":false}