{"cameraMode":{"drawMode":0,"name":"Shaded","section":"Shading Mode"},"sceneLighting":false,"audioPlay":false,"sceneViewState":{"showFog":false,"showMaterialUpdate":false,"showSkybox":false,"showFlares":false,"showImageEffects":false,"showParticleSystems":false},"in2DMode":false,"pivot":{"x":135.01783752441407,"y":287.53656005859377,"z":165.38504028320313},"rotation":{"x":-0.22557863593101502,"y":0.07939156889915467,"z":-0.01844748854637146,"w":-0.9708099961280823},"size":395.2768249511719,"orthographic":false}