{"cameraMode":{"drawMode":0,"name":"Shaded","section":"Shading Mode"},"sceneLighting":false,"audioPlay":false,"sceneViewState":{"showFog":false,"showMaterialUpdate":false,"showSkybox":false,"showFlares":false,"showImageEffects":false,"showParticleSystems":false},"in2DMode":false,"pivot":{"x":-7.195885181427002,"y":0.6789005398750305,"z":38.250518798828128},"rotation":{"x":-0.16377326846122743,"y":-0.36547353863716128,"z":0.06548955291509628,"w":-0.9139578938484192},"size":1.3330128192901612,"orthographic":false}