{"cameraMode":{"drawMode":0,"name":"Shaded","section":"Shading Mode"},"sceneLighting":false,"audioPlay":false,"sceneViewState":{"showFog":false,"showMaterialUpdate":false,"showSkybox":false,"showFlares":false,"showImageEffects":false,"showParticleSystems":false},"in2DMode":false,"pivot":{"x":-105.20779418945313,"y":-0.3699312210083008,"z":-47.021705627441409},"rotation":{"x":0.15431350469589234,"y":-0.84316486120224,"z":0.39797595143318179,"w":0.32693397998809817},"size":5.749173641204834,"orthographic":false}