{"cameraMode":{"drawMode":0,"name":"Shaded","section":"Shading Mode"},"sceneLighting":false,"audioPlay":false,"sceneViewState":{"showFog":true,"showMaterialUpdate":true,"showSkybox":false,"showFlares":true,"showImageEffects":true,"showParticleSystems":true},"in2DMode":false,"pivot":{"x":2.2408251762390138,"y":0.867143988609314,"z":-0.36652159690856936},"rotation":{"x":-0.10894849896430969,"y":0.5219339728355408,"z":-0.06730359047651291,"w":-0.8433748483657837},"size":2.882857084274292,"orthographic":false}