{"cameraMode":{"drawMode":0,"name":"Shaded","section":"Shading Mode"},"sceneLighting":false,"audioPlay":false,"sceneViewState":{"showFog":true,"showMaterialUpdate":true,"showSkybox":true,"showFlares":true,"showImageEffects":true,"showParticleSystems":true},"in2DMode":false,"pivot":{"x":-3.217909336090088,"y":3.4433276653289797,"z":108.31641387939453},"rotation":{"x":0.07989290356636048,"y":-0.10423970967531204,"z":0.008320560678839684,"w":0.9913569688796997},"size":7.0346269607543949,"orthographic":false}