{"cameraMode":{"drawMode":0,"name":"Shaded","section":"Shading Mode"},"sceneLighting":true,"audioPlay":false,"sceneViewState":{"showFog":false,"showMaterialUpdate":false,"showSkybox":false,"showFlares":false,"showImageEffects":false,"showParticleSystems":false},"in2DMode":false,"pivot":{"x":-59.225006103515628,"y":-125.58341979980469,"z":408.98052978515627},"rotation":{"x":0.16669446229934693,"y":-0.07811000198125839,"z":0.01327924057841301,"w":0.9828848242759705},"size":202.94180297851563,"orthographic":false}