{"cameraMode":{"drawMode":0,"name":"Shaded","section":"Shading Mode"},"sceneLighting":false,"audioPlay":false,"sceneViewState":{"showFog":true,"showMaterialUpdate":true,"showSkybox":false,"showFlares":true,"showImageEffects":true,"showParticleSystems":true},"in2DMode":false,"pivot":{"x":-121.20697021484375,"y":-0.5553061962127686,"z":-52.749141693115237},"rotation":{"x":-0.08188348263502121,"y":0.2606610655784607,"z":-0.02208412066102028,"w":-0.9617477655410767},"size":7.2413129806518559,"orthographic":false}