{"cameraMode":{"drawMode":0,"name":"Shaded","section":"Shading Mode"},"sceneLighting":false,"audioPlay":false,"sceneViewState":{"showFog":false,"showMaterialUpdate":false,"showSkybox":false,"showFlares":false,"showImageEffects":false,"showParticleSystems":false},"in2DMode":false,"pivot":{"x":0.0002613365650177002,"y":0.8416911363601685,"z":0.0181463360786438},"rotation":{"x":-0.08226708322763443,"y":0.8786607980728149,"z":-0.16397680342197419,"w":-0.4408067464828491},"size":1.642501711845398,"orthographic":false}