{"cameraMode":{"drawMode":0,"name":"Shaded","section":"Shading Mode"},"sceneLighting":false,"audioPlay":false,"sceneViewState":{"showFog":false,"showMaterialUpdate":false,"showSkybox":false,"showFlares":false,"showImageEffects":false,"showParticleSystems":false},"in2DMode":false,"pivot":{"x":0.5352540016174316,"y":1.5151304006576539,"z":-0.7635209560394287},"rotation":{"x":-0.08226708322763443,"y":0.8786607980728149,"z":-0.16397680342197419,"w":-0.4408067464828491},"size":1.6608797311782838,"orthographic":false}