{"cameraMode":{"drawMode":0,"name":"Shaded","section":"Shading Mode"},"sceneLighting":false,"audioPlay":false,"sceneViewState":{"showFog":false,"showMaterialUpdate":false,"showSkybox":false,"showFlares":false,"showImageEffects":false,"showParticleSystems":false},"in2DMode":false,"pivot":{"x":0.000237196683883667,"y":0.8567665219306946,"z":-0.0050467848777771},"rotation":{"x":-0.2074463665485382,"y":0.6195908784866333,"z":-0.1744811087846756,"w":-0.7366420030593872},"size":1.647689938545227,"orthographic":false}