{"cameraMode":{"drawMode":0,"name":"Shaded","section":"Shading Mode"},"sceneLighting":false,"audioPlay":false,"sceneViewState":{"showFog":false,"showMaterialUpdate":false,"showSkybox":false,"showFlares":false,"showImageEffects":false,"showParticleSystems":false},"in2DMode":false,"pivot":{"x":-0.0000017285346984863282,"y":1.3411638736724854,"z":0.04456138610839844},"rotation":{"x":-0.2074463665485382,"y":0.6195908784866333,"z":-0.1744811087846756,"w":-0.7366420030593872},"size":2.72945499420166,"orthographic":false}