{"cameraMode":{"drawMode":0,"name":"Shaded","section":"Shading Mode"},"sceneLighting":false,"audioPlay":false,"sceneViewState":{"showFog":false,"showMaterialUpdate":false,"showSkybox":false,"showFlares":false,"showImageEffects":false,"showParticleSystems":false},"in2DMode":false,"pivot":{"x":0.00022339820861816406,"y":0.9263519048690796,"z":-0.003990828990936279},"rotation":{"x":-0.2074463665485382,"y":0.6195908784866333,"z":-0.1744811087846756,"w":-0.7366420030593872},"size":1.437358021736145,"orthographic":false}