{"cameraMode":{"drawMode":0,"name":"Shaded","section":"Shading Mode"},"sceneLighting":false,"audioPlay":false,"sceneViewState":{"showFog":false,"showMaterialUpdate":false,"showSkybox":false,"showFlares":false,"showImageEffects":false,"showParticleSystems":false},"in2DMode":false,"pivot":{"x":-313.5224304199219,"y":1.40211021900177,"z":-48.329681396484378},"rotation":{"x":-0.24010097980499268,"y":0.6842589974403381,"z":-0.2570361793041229,"w":-0.6388692259788513},"size":3.200075149536133,"orthographic":false}