{"cameraMode":{"drawMode":0,"name":"Shaded","section":"Shading Mode"},"sceneLighting":false,"audioPlay":false,"sceneViewState":{"showFog":true,"showMaterialUpdate":true,"showSkybox":false,"showFlares":true,"showImageEffects":true,"showParticleSystems":true},"in2DMode":false,"pivot":{"x":-27.400375366210939,"y":1.2839826345443726,"z":-45.9603385925293},"rotation":{"x":-0.10894849896430969,"y":0.5219339728355408,"z":-0.06730359047651291,"w":-0.8433748483657837},"size":1.035616159439087,"orthographic":false}