{"cameraMode":{"drawMode":0,"name":"Shaded","section":"Shading Mode"},"sceneLighting":false,"audioPlay":false,"sceneViewState":{"showFog":false,"showMaterialUpdate":false,"showSkybox":false,"showFlares":false,"showImageEffects":false,"showParticleSystems":false},"in2DMode":false,"pivot":{"x":-128.25498962402345,"y":28.597074508666993,"z":-50.91326904296875},"rotation":{"x":0.035523928701877597,"y":-0.9623638987541199,"z":0.2202611118555069,"w":0.1552051603794098},"size":0.09759736061096192,"orthographic":false}