{"cameraMode":{"drawMode":0,"name":"Shaded","section":"Shading Mode"},"sceneLighting":false,"audioPlay":false,"sceneViewState":{"showFog":false,"showMaterialUpdate":false,"showSkybox":false,"showFlares":false,"showImageEffects":false,"showParticleSystems":false},"in2DMode":false,"pivot":{"x":-68.01588439941406,"y":-0.33571338653564455,"z":-50.112884521484378},"rotation":{"x":-0.15173397958278657,"y":0.8473097085952759,"z":-0.38233256340026858,"w":-0.3360733091831207},"size":5.91916561126709,"orthographic":false}