{"cameraMode":{"drawMode":0,"name":"Shaded","section":"Shading Mode"},"sceneLighting":false,"audioPlay":false,"sceneViewState":{"showFog":false,"showMaterialUpdate":false,"showSkybox":false,"showFlares":false,"showImageEffects":false,"showParticleSystems":false},"in2DMode":false,"pivot":{"x":0.0000019669532775878908,"y":0.5141788721084595,"z":0.02325725555419922},"rotation":{"x":-0.2074463665485382,"y":0.6195908784866333,"z":-0.1744811087846756,"w":-0.7366420030593872},"size":0.9587485790252686,"orthographic":false}