{"cameraMode":{"drawMode":0,"name":"Shaded","section":"Shading Mode"},"sceneLighting":false,"audioPlay":false,"sceneViewState":{"showFog":false,"showMaterialUpdate":false,"showSkybox":false,"showFlares":false,"showImageEffects":false,"showParticleSystems":false},"in2DMode":false,"pivot":{"x":9.796392440795899,"y":-2.0781173706054689,"z":293.2684020996094},"rotation":{"x":0.2605598270893097,"y":0.052881672978401187,"z":-0.014376472681760788,"w":0.9639516472816467},"size":10.061653137207032,"orthographic":false}