{"cameraMode":{"drawMode":0,"name":"Shaded","section":"Shading Mode"},"sceneLighting":false,"audioPlay":false,"sceneViewState":{"showFog":false,"showMaterialUpdate":false,"showSkybox":false,"showFlares":false,"showImageEffects":false,"showParticleSystems":false},"in2DMode":false,"pivot":{"x":-290.885009765625,"y":0.42799970507621767,"z":-50.18000030517578},"rotation":{"x":0.06534755229949951,"y":-0.13467252254486085,"z":0.00893859937787056,"w":0.9887462854385376},"size":6.001049041748047,"orthographic":false}